id,name
0,Muiñeira dos Fosados
1,Detrás das airas
2,Muiñeira de Quindous
3,Muiñeira de Quindous
4,Muiñeira
5,Muiñeira de Monforte
6,Muiñeira de Ventosa
7,Muiñeira
8,Muiñeira dos Dezas
9,Muiñeira de Coia
10,Muiñeira da Fonsagrada
11,Palmo e meio de buxo
12,O recuncho da palleta
13,Finiña
14,Finiña dos Meus Amores
15,Carballesa
16,Carballesa
17,Muiñeira de Ambite
18,Muiñeira de Pastoriza
19,Muiñeira de Montrove
20,Muiñeira de Eirís
21,Muiñeira dos Nenos
22,Moliñeira da Rogueira
23,Faragulliñas
24,Muiñeira do Lar
25,Muiñeira do Lar
26,Muiñeira da Fontesanta
27,Muiñeira da Fonsagrada
28,Muiñeira da Fonsagrada
29,Muiñeira de Campolameiro
30,Muiñeira de Campolameiro
31,Muiñeira vella de Romeor
32,Muiñeira vella de Romeor
33,Muiñeira do Canizo
34,Ao muiño vais
35,Muiñeira
36,Muiñeira de Arabexo
37,Muiñeira
38,Muiñeira de Trasmonte
39,Muiñeira de Trasmonte
40,Muiñeira de Paulino
41,Muiñeira de Paulino
42,Muiñeira de Boimoirto
43,Muiñeira dos Ancares
44,Muiñeira de Meira
45,Muiñeira de Polín
46,Muiñeira de Infesta
47,Muiñeira de Vilaverde
48,Muiñeira de Gonte
49,Muiñeira de Gonte
50,Muiñeira de San Cosmade
51,Muiñeira de Cabra
52,Muiñeira de Pol
53,Muiñeira de Ambite
54,Muiñeira de Santa Cristina de Marcelle
55,Muiñeira de Oirós
56,Aires do Castelo
57,Muiñeira
58,Muiñeira de Rebulín
59,Muiñeira da Dina
60,Mariñana
61,"Arrechégate, Lourenza"
62,"¡Ei, os de Sergude!"
63,Ai Rosiña
64,Na freixa
65,Primeira de Laura
66,Muiñeira de Corme
67,Muiñeira de Corme
68,Muiñeira de Santiago de Miraz
69,Muiñeira de Santiago de Miraz
70,Muiñeira de Sendelle
71,Muiñeira de Sendelle
72,Muiñeira
73,Muiñeira de Monterrei
74,Muiñeira de Monterrei
75,Muiñeira das Nogais
76,Carballesa
77,Muiñeira de Cercedo
78,Muiñeira de Eiriz
79,Muiñeira
80,Muiñeira de San Fins
81,Muiñeira de Pazos de Borbén
82,Muiñeira de Borreiro
83,Muiñeira de Borreiro
84,Muiñeira de Burón
85,Muiñeira de Burón
86,Danza do Molete
87,A Alfonsina
88,Carballesa de Ibio
89,Muiñeira de Santos
90,Montañesa de Lugo
91,Muiñeira Montañesa
92,Muiñeira de San Román de Cervantes
93,Muiñeira
94,"Baila, nena"
95,Muiñeira
96,Muiñeira
97,Muiñeira
98,Muiñeira
99,Muiñeira
100,Muiñeira de Aldán
101,Muiñeira
102,Ribeirana
103,Carballesa
104,Muiñeira
105,Muiñeira del Gallo
106,Muiñeira de Casadelas
107,Muiñeira de Calvos
108,Muiñeira de Trarigo
109,Muiñeira de Lucas
110,Muiñeira de Leiloio
111,Muiñeira Vella
112,Muiñeira Vella de Mórdomo
113,Muiñeira Vella de Mórdomo
114,Muiñeira
115,Muiñeira de Clemente
116,Muiñeira de Carballo
117,Muiñeira de Grixalba
118,Muiñeira de Vilamaior
119,Muiñeira de Cances
120,Muiñeira
121,Muiñeira de Florencio
122,Muiñeira de Rodís
123,Muliñeira de Romeor
124,Muiñeira de Romeor
125,Muiñeira
126,Muiñeira de Oliveira
127,O Camiño do Santo Cristo
128,Muiñeira de Buscás
129,Muiñeira das Nasas
130,Muiñeira da Fonsagrada
131,Muiñeira da Fonsagrada
132,Muiñeira da Cabra
133,Na Fonte do Teutro
134,Muiñeira de Umoso
135,Muiñeira de Ponte Maceira
136,Muiñeira de Calvos de Randín
137,Muiñeira de Aranga
138,Muiñeira da Armenteira
139,Muiñeira de Santiso
140,Muiñeira de Xinzo
141,Muiñeira de Forcarei
142,Muiñeira Nova
143,Muiñeira da Fonsagrada
144,Muiñeira de Riocereixa
145,Muiñeira de Gulpilleira
146,Muiñeira de Pacios de Mourisco
147,Muiñeira de Teixeira
148,Muiñeira de Vilar de Conforto
149,Muiñeira da Caseta
150,Muiñeira da Lucenza
151,Muiñeira de Ramiro
152,Muiñeira dos Fros
153,Muiñeira
154,Muiñeira
155,Muiñeira
156,Muiñeira
157,Muiñeira
158,Muiñeira
159,Aire de Muiñeira
160,A Cruz de Lobeira
161,Muiñeira de Desiderio
162,Muiñeira
163,Muiñeira para Xesús
164,Ribeirana 
165,Danza de Cambados
166,Danza de Cambados
167,Muiñeira de Lugo
168,Muiñeira de Cangas de Foz
169,"Lévame, Lévame"
170,Muiñeira de Oza dos Ríos
171,Muiñeira de Navia
172,Muiñeira de Piadela
173,Ribeirana de Pontevedra
174,Ribeirana
175,Muiñeira de Castrelo
176,Mariquiña
177,A Regueifa
178,Muiñeira
179,A Criada do Cura
180,No Coto da Xesta
181,Muiñeira dos Vinte Compases
182,Farruquiña Chaman á Porta
183,A Farruquiña
184,Muiñeira de Redondela
185,Muiñeira de Berdoias
186,Muiñeira
187,Muiñeira de Abellá
188,Xeitosa
189,Muiñeira de Outeiro
190,Muiñeira
191,O Bico
192,A Freixa
193,Muiñeira da Picota
194,Muiñeira de Entreambasaugas
195,Muiñeira do Amaro
196,Muiñeira de Cernades
197,Muiñeira da Gandareira
198,Muiñeira da Gándara
199,Muiñeira
200,Muiñeira Vella de Dombate
201,Muiñeira
202,Muiñeira
203,Muiñeira do Condado
204,Muiñeira de Lavadores
205,Muiñeira de Albite
206,Muiñeira Vella de Alvite
207,Espantalleira
208,Muiñeira Redonda
209,Muiñeira
210,A Redonda
211,Muiñeira da Costa
212,Muiñeira de Cabana
213,Loliña
214,Mariñana
215,Mariñana
216,Muiñeira de Lañas
217,O Facho
218,Agachadiño na Freixa
219,Muiñeira de Chantada
220,Muiñeira
221,A Ponte Labañou
222,Muiñeira de Santaia de Moar
223,Muiñeira de Rubiás
224,Muiñeira de Viceso
225,Muiñeira das Mariñas
226,Muiñeira
227,Muiñeira da Fonsagrada
228,Muiñeira
229,Muiñeira
230,Muiñeira de Paulino
231,Muiñeira de Paulino
232,Muiñeira de Riotorto
233,Muiñeira
234,Muiñeira de Meiraos
235,Muiñeira de Freixido
236,Muiñeira
237,Muiñeira de Buscás
238,Muiñeira
239,Muiñeira dos gaiteiros de Sar
240,Muiñeira de Bergantiños
241,Muiñeira da Ponte de Outeiro
242,Muiñeira de Ferreira de Pantón
243,Muiñeira de Vilantime
244,Muiñeira do Castrillón
245,Muiñeira de Castrillón
246,Muiñeira de Guitizá
247,Muiñeira
248,Muiñeira
249,Muiñeira do Areal
250,Muiñeira do Areal
251,Muiñeira de Mazaricos
252,Villoria
253,Villoria
254,A Camposa
255,Muiñeira de Melide
256,Muiñeira de Veiga de Forcas
257,Muiñeira
258,Muiñeira
259,Muiñeira de Cangas
260,Muiñeira da Fonsagrada
261,Muiñeira
262,Muiñeira de Martiño
263,Muiñeira de Cartelle
264,Muiñeira de Monforte
265,Maruxa
266,Carmela
267,Carmela
268,Volandeira
269,Muineira de Garceiras
270,Muiñeira de Sexo
271,Muiñeira de Santa Maria de Oleiros
272,Muiñeira dos Cigarróns
273,Muiñeira de Ourense
274,Muiñeira de Mourente
275,Muiñeira de Cangas
276,Muiñeira de Cangas
277,Muiñeira de Cangas
278,Muiñeira de Cangas
279,Muiñeira
280,Muiñeira de Poio
281,Muiñeira
282,Muiñeira de Vilanova
283,Muiñeira
284,Muiñeira do Morrazo
285,Muiñeira de Muradelle
286,Muiñeira de Poio
287,Muiñeira de Negros
288,Muiñeira de Visma
289,Muiñeira Antigua
290,Muiñeira
291,Muiñeira
292,Muiñeira de Froxán
293,Muiñeira de Froxán
294,Muiñeira de Froxán
295,Muiñeira de Poio
296,Muiñeira de Poio
297,Muiñeira de Poio
298,Muiñeira de Poio
299,Muiñeira de Poio
300,Muiñeira de Cesures
301,Muiñeira
302,Muiñeira da Xunqueira
303,Muiñeira de Poio
304,Muiñeira de Forcarei
305,Muiñeira do Morrazo
306,Muiñeira de Poio
307,Muiñeira de Piornedo
308,Muiñeira de Lougares
309,Muiñeira
310,Muiñeira de Ponteareas
311,Buxos Verdes
312,Muiñeira do Chao
313,Muiñeira
314,A Grelada
315,Muiñeira dos Sete Estalos
316,Muiñeira de Lugo
317,Muiñeira do Molete
318,Muiñeira do Molete
319,Muiñeira
320,Muiñeira do Morrazo
321,Muiñeira do Morrazo
322,Muiñeira do Morrazo
323,Muiñeira de Oitavén
324,Muiñeira de Neaño
325,Muiñeira de Laxe
326,Muiñeira de Fonmaior
327,A Coruxa
328,Muiñeira de Ibias
329,Muiñeira de Ibias
330,Muiñeira de Valdeferreiros
331,Estróupeles tróupele
332,Muiñeira de Liñeiro
333,Muiñeira Picada
334,Muiñeira Picada
335,Muiñeira
336,Muiñeira
337,Muiñeira Vella
338,Muiñeira de Curuxeiras
339,Muiñeira de Curuxeiras
340,Muiñeira Montañesa
341,Muiñeira de Ramelle
342,Muiñeira da Fonsagrada
343,Muiñeira de Lobios
344,Muiñeira
345,Mariñas de Betanzos
346,Mariñas de Betanzos
347,Muiñeira de Albarellos
348,Muiñeira de Carelle
349,Contraparo
350,Vinde rapazas
351,Muiñeira de Arantón
352,Muiñeira de Pradela
353,Muiñeira Repunteada
354,Muiñeira
355,Santa Mariña
356,Muiñeira de Vilouchada
357,Muiñeira de Señorans
358,Reviravolta
359,Muiñeira do Carballal
360,O Gaiteiro de Torbolosiño
361,De Llomake a Vigo
362,Muiñeira de Parada de Achás
363,Muiñeira
364,Muiñeira
365,Muiñeira
366,Muiñeira
367,Muiñeira
368,Muiñeira
369,Muiñeira
370,Muiñeira
371,Muiñeira
372,Muiñeira
373,Muiñeira
374,Muiñeira
375,Muiñeira coreada
376,Ribeirana
377,Muiñeira
378,Muiñeira
379,Muiñeira
380,Muiñeira
381,Muiñeira
382,Muiñeira
383,Muiñeira
384,Ribeirana de Pescadores
385,Ribeirana
386,Muiñeira de Chancelas
387,Ruada de Allariz
388,A Barcalesa
389,Muiñeira
390,Muiñeira do Cuartel
391,Muiñeira de Redonda
392,Muiñeira de Abellá
393,Muiñeira de Anceis
394,Variacións
395,Muiñeira da Barcala
396,A Santiaguesa
397,As Festas de Marnela
398,Muiñeira do Século XII
399,Muiñeira de Manuel Dopazo
400,Muiñeira
401,Muiñeira de Riomao
402,Muiñeira de Riomao
403,Muiñeira da Mariña
404,Muiñeira da Mariña
405,Muiñeira de Cangas
406,Muiñeira do Piñeiro
407,Muiñeira dos Alegres
408,Rosariño
409,Muiñeira do Picato
410,Muiñeira de Xulio Méndez
411,Aires do sur
412,Muiñeira
413,Muiñeira de Folgoso
414,Muiñeira de Ancadeira
415,Muiñeira
416,Muiñeira do Hío
417,A volta dos mariñeiros
418,Muiñeira de Tella
419,Muiñeira
420,Muiñeira
421,Muiñeira
422,Muiñeira de Pontesampaio
423,Muiñeira do Saviñao
424,Muiñeira das Nogais
425,Muiñeira de San Andrés
426,Carballesa
427,Carballesa de Melide
428,Redonda de Bande
429,Redonda de Bande
430,Ribeirana de Poio
431,Ribeirana de Poio
432,Muiñeira de Casamiro
433,Muiñeira de Casamiro
434,Carvalhesa
435,Ribeirana de Ventosela
436,Carballesa
437,Ribeirana
438,Carballesa do Carballiño
439,Carballesa
440,Carballesa
441,Ribeirana de Villalba
442,Ribeirana de Pontevedra
443,Ribeirana de Pontevedra
444,Ribeirana de Pontevedra
445,Ribeirana de Redondela
446,Ribeirana de Pontevedra
447,Carballesa
448,Carballesa
449,Carballesa do Incio
450,Muiñeira de Vilarmide
451,Na Ruada
452,Danza Anterga de Lugo
